{
	"folders": {},
	"connections": {
		"postgres-jdbc-189f8404820-35b620e6049a4df5": {
			"provider": "postgresql",
			"driver": "postgres-jdbc",
			"name": "postgres",
			"save-password": true,
			"configuration": {
				"host": "localhost",
				"port": "7070",
				"database": "postgres",
				"url": "jdbc:postgresql://localhost:7070/postgres",
				"configurationType": "MANUAL",
				"home": "postgresql_client",
				"type": "dev",
				"provider-properties": {
					"@dbeaver-show-non-default-db@": "true",
					"@dbeaver-show-template-db@": "false",
					"@dbeaver-show-unavailable-db@": "false",
					"show-database-statistics": "false",
					"@dbeaver-read-all-data-types-db@": "false",
					"read-keys-with-columns": "false",
					"@dbeaver-use-prepared-statements-db@": "false",
					"postgresql.dd.plain.string": "false",
					"postgresql.dd.tag.string": "false"
				},
				"auth-model": "native"
			}
		}
	},
	"virtual-models": {"postgres-jdbc-189f8404820-35b620e6049a4df5":{"library":{"public":{"@properties":{"erd.diagram.state":{"serialized":"\u003cdiagram version\u003d\"1\" name\u003d\"empty\" time\u003d\"202308160128\"\u003e\u003centities\u003e\u003cdata-source id\u003d\"postgres-jdbc-189f8404820-35b620e6049a4df5\"\u003e\u003centity id\u003d\"1\" name\u003d\"kategoriler\" fq-name\u003d\"public.kategoriler\" order\u003d\"0\" x\u003d\"291\" y\u003d\"75\"\u003e\u003cpath name\u003d\"public\"/\u003e\u003cpath name\u003d\"library\"/\u003e\u003c/entity\u003e\u003centity id\u003d\"2\" name\u003d\"kitaplar\" fq-name\u003d\"public.kitaplar\" order\u003d\"1\" x\u003d\"535\" y\u003d\"189\"\u003e\u003cpath name\u003d\"public\"/\u003e\u003cpath name\u003d\"library\"/\u003e\u003c/entity\u003e\u003centity id\u003d\"3\" name\u003d\"oduncler\" fq-name\u003d\"public.oduncler\" order\u003d\"2\" border-width\u003d\"3\" x\u003d\"159\" y\u003d\"233\"\u003e\u003cpath name\u003d\"public\"/\u003e\u003cpath name\u003d\"library\"/\u003e\u003c/entity\u003e\u003centity id\u003d\"4\" name\u003d\"uyeler\" fq-name\u003d\"public.uyeler\" order\u003d\"3\" x\u003d\"1107\" y\u003d\"185\"\u003e\u003cpath name\u003d\"public\"/\u003e\u003cpath name\u003d\"library\"/\u003e\u003c/entity\u003e\u003centity id\u003d\"5\" name\u003d\"yazarlar\" fq-name\u003d\"public.yazarlar\" order\u003d\"4\" x\u003d\"255\" y\u003d\"528\"\u003e\u003cpath name\u003d\"public\"/\u003e\u003cpath name\u003d\"library\"/\u003e\u003c/entity\u003e\u003c/data-source\u003e\u003c/entities\u003e\u003crelations\u003e\u003crelation name\u003d\"kitaplar_kategori_id_fkey\" fq-name\u003d\"public.kitaplar.kitaplar_kategori_id_fkey\" type\u003d\"fk\" pk-ref\u003d\"1\" fk-ref\u003d\"2\"/\u003e\u003crelation name\u003d\"oduncler_kitap_id_fkey\" fq-name\u003d\"public.oduncler.oduncler_kitap_id_fkey\" type\u003d\"fk\" pk-ref\u003d\"2\" fk-ref\u003d\"3\"/\u003e\u003crelation name\u003d\"oduncler_uye_id_fkey\" fq-name\u003d\"public.oduncler.oduncler_uye_id_fkey\" type\u003d\"fk\" pk-ref\u003d\"4\" fk-ref\u003d\"3\"/\u003e\u003crelation name\u003d\"kitaplar_yazar_id_fkey\" fq-name\u003d\"public.kitaplar.kitaplar_yazar_id_fkey\" type\u003d\"fk\" pk-ref\u003d\"5\" fk-ref\u003d\"2\"/\u003e\u003c/relations\u003e\u003c/diagram\u003e"}}}}}},
	"connection-types": {
		"dev": {
			"name": "Development",
			"color": "255,255,255",
			"description": "Regular development database",
			"auto-commit": true,
			"confirm-execute": false,
			"confirm-data-change": false,
			"smart-commit": false,
			"smart-commit-recover": false,
			"auto-close-transactions": true,
			"close-transactions-period": 1800
		}
	}
}